Date,PZD
1/2/2014,31.39
1/3/2014,31.54
1/6/2014,31.49
1/7/2014,31.75
1/8/2014,31.65
1/9/2014,31.77
1/10/2014,32.08
1/13/2014,31.7
1/14/2014,32.15
1/15/2014,32.25
1/16/2014,32.24
1/17/2014,31.94
1/21/2014,32.03
1/22/2014,32.11
1/23/2014,31.73
1/24/2014,30.82
1/27/2014,30.65
1/28/2014,30.86
1/29/2014,30.54
1/30/2014,30.89
1/31/2014,30.57
2/3/2014,29.84
2/4/2014,30.04
2/5/2014,30.1
2/6/2014,30.64
2/7/2014,31.06
2/10/2014,31.01
2/11/2014,31.5
2/12/2014,31.68
2/13/2014,31.97
2/14/2014,32.16
2/18/2014,32.45
2/19/2014,32.23
2/20/2014,32.48
2/21/2014,32.36
2/24/2014,32.65
2/25/2014,32.64
2/26/2014,32.63
2/27/2014,32.77
2/28/2014,32.82
3/3/2014,32.4
3/4/2014,33.13
3/5/2014,33.2
3/6/2014,33.52
3/7/2014,33.35
3/10/2014,33.09
3/11/2014,32.96
3/12/2014,32.7
3/13/2014,32.13
3/14/2014,32.07
3/17/2014,32.57
3/18/2014,32.93
3/19/2014,32.59
3/20/2014,32.55
3/21/2014,32.36
3/24/2014,32.26
3/25/2014,32.27
3/26/2014,32.04
3/27/2014,31.96
3/28/2014,32.3
3/31/2014,32.63
4/1/2014,33.02
4/2/2014,33.04
4/3/2014,32.96
4/4/2014,32.44
4/7/2014,32.06
4/8/2014,32.18
4/9/2014,32.38
4/10/2014,31.96
4/11/2014,31.6
4/14/2014,31.36
4/15/2014,31.39
4/16/2014,31.86
4/17/2014,32.04
4/21/2014,32.02
4/22/2014,32.48
4/23/2014,32.13
4/24/2014,32.09
4/25/2014,31.88
4/28/2014,31.62
4/29/2014,31.68
4/30/2014,31.87
5/1/2014,31.83
5/2/2014,31.86
5/5/2014,31.85
5/6/2014,31.64
5/7/2014,31.44
5/8/2014,31.36
5/9/2014,31.5
5/12/2014,32.21
5/13/2014,31.98
5/14/2014,31.83
5/15/2014,31.39
5/16/2014,31.55
5/19/2014,31.71
5/20/2014,31.54
5/21/2014,31.7
5/22/2014,31.92
5/23/2014,32.21
5/27/2014,32.5
5/28/2014,32.44
5/29/2014,32.48
5/30/2014,32.49
6/2/2014,32.38
6/3/2014,32.27
6/4/2014,32.49
6/5/2014,32.85
6/6/2014,33.17
6/9/2014,33.24
6/10/2014,33.06
6/11/2014,32.94
6/12/2014,32.76
6/13/2014,32.9
6/16/2014,32.72
6/17/2014,32.97
6/18/2014,33.12
6/19/2014,33.22
6/20/2014,33.03
6/23/2014,32.97
6/24/2014,32.71
6/25/2014,32.73
6/26/2014,32.6
6/27/2014,32.76
6/30/2014,32.87
7/1/2014,33.08
7/2/2014,32.86
7/3/2014,33.1
7/7/2014,32.66
7/8/2014,32.19
7/9/2014,32.38
7/10/2014,31.88
7/11/2014,31.8
7/14/2014,32.04
7/15/2014,31.85
7/16/2014,32.03
7/17/2014,31.49
7/18/2014,31.79
7/21/2014,31.72
7/22/2014,32
7/23/2014,31.76
7/24/2014,31.82
7/25/2014,31.67
7/28/2014,31.73
7/29/2014,31.47
7/30/2014,31.37
7/31/2014,30.6
8/1/2014,30.52
8/4/2014,30.68
8/5/2014,30.47
8/6/2014,30.47
8/7/2014,30.38
8/8/2014,30.71
8/11/2014,30.92
8/12/2014,30.86
8/13/2014,31.02
8/14/2014,31.16
8/15/2014,31
8/18/2014,31.41
8/19/2014,31.57
8/20/2014,31.58
8/21/2014,31.58
8/22/2014,31.4
8/25/2014,31.53
8/26/2014,31.62
8/27/2014,31.68
8/28/2014,31.48
8/29/2014,31.48
9/2/2014,31.53
9/3/2014,31.51
9/4/2014,31.26
9/5/2014,31.37
9/8/2014,31.27
9/9/2014,30.91
9/10/2014,30.93
9/11/2014,30.94
9/12/2014,30.7
9/15/2014,30.48
9/16/2014,30.43
9/17/2014,30.36
9/18/2014,30.56
9/19/2014,30.36
9/22/2014,30.16
9/23/2014,29.96
9/24/2014,30.02
9/25/2014,29.63
9/26/2014,29.64
9/29/2014,29.52
9/30/2014,29.32
10/1/2014,28.88
10/2/2014,28.92
10/3/2014,28.9
10/6/2014,28.47
10/7/2014,27.78
10/8/2014,28.14
10/9/2014,27.4
10/10/2014,26.96
10/13/2014,26.65
10/14/2014,26.82
10/15/2014,26.78
10/16/2014,26.77
10/17/2014,27.27
10/20/2014,27.32
10/21/2014,27.95
10/22/2014,27.67
10/23/2014,28.14
10/24/2014,28.18
10/27/2014,28.09
10/28/2014,28.67
10/29/2014,28.53
10/30/2014,28.78
10/31/2014,29.07
11/3/2014,29.06
11/4/2014,28.97
11/5/2014,29.03
11/6/2014,29.29
11/7/2014,29.45
11/10/2014,29.51
11/11/2014,29.46
11/12/2014,29.36
11/13/2014,29.42
11/14/2014,29.53
11/17/2014,29.38
11/18/2014,29.79
11/19/2014,29.41
11/20/2014,29.39
11/21/2014,29.6
11/24/2014,29.88
11/25/2014,29.97
11/26/2014,29.98
11/28/2014,29.62
12/1/2014,29.15
12/2/2014,29.18
12/3/2014,29.49
12/4/2014,29.35
12/5/2014,29.48
12/8/2014,29.1
12/9/2014,29.14
12/10/2014,28.66
12/11/2014,28.7
12/12/2014,28.26
12/15/2014,27.87
12/16/2014,28.2
12/17/2014,28.33
12/18/2014,28.91
12/19/2014,29.11
12/22/2014,29.09
12/23/2014,29.24
12/24/2014,29.28
12/26/2014,29.3
12/29/2014,29.19
12/30/2014,28.97
12/31/2014,28.95
1/2/2015,28.85
1/5/2015,27.95
1/6/2015,27.77
1/7/2015,27.76
1/8/2015,28.16
1/9/2015,28.07
1/12/2015,27.75
1/13/2015,27.72
1/14/2015,27.55
1/15/2015,27.43
1/16/2015,27.54
1/20/2015,27.83
1/21/2015,28.05
1/22/2015,28.17
1/23/2015,28.31
1/26/2015,28.69
1/27/2015,28.33
1/28/2015,27.9
1/29/2015,28.25
1/30/2015,27.97
2/2/2015,28.39
2/3/2015,28.95
2/4/2015,28.79
2/5/2015,29.23
2/6/2015,29.01
2/9/2015,29.14
2/10/2015,29.38
2/11/2015,29.17
2/12/2015,29.58
2/13/2015,29.79
2/17/2015,29.85
2/18/2015,29.98
2/19/2015,30.15
2/20/2015,30.3
2/23/2015,30.29
2/24/2015,30.56
2/25/2015,30.6
2/26/2015,30.42
2/27/2015,30.61
3/2/2015,30.72
3/3/2015,30.49
3/4/2015,30.3
3/5/2015,30.5
3/6/2015,30.1
3/9/2015,30.14
3/10/2015,29.65
3/11/2015,29.62
3/12/2015,29.92
3/13/2015,29.78
3/16/2015,30.19
3/17/2015,30.09
3/18/2015,30.47
3/19/2015,30.28
3/20/2015,30.77
3/23/2015,30.82
3/24/2015,30.73
3/25/2015,30.22
3/26/2015,29.97
3/27/2015,30.02
3/30/2015,30.34
3/31/2015,30.07
4/1/2015,30.11
4/2/2015,30.39
4/6/2015,30.66
4/7/2015,30.65
4/8/2015,30.52
4/9/2015,30.59
4/10/2015,30.73
4/13/2015,30.6
4/14/2015,30.7
4/15/2015,31.01
4/16/2015,31.02
4/17/2015,30.56
4/20/2015,30.71
4/21/2015,30.89
4/22/2015,30.87
4/23/2015,31
4/24/2015,30.91
4/27/2015,31
4/28/2015,30.98
4/29/2015,30.76
4/30/2015,30.53
5/1/2015,30.53
5/4/2015,30.79
5/5/2015,30.53
5/6/2015,30.47
5/7/2015,30.58
5/8/2015,30.98
5/11/2015,30.87
5/12/2015,31.1
5/13/2015,31.25
5/14/2015,31.72
5/15/2015,31.89
5/18/2015,31.81
5/19/2015,31.63
5/20/2015,31.54
5/21/2015,31.71
5/22/2015,31.56
5/26/2015,31.12
5/27/2015,31.35
5/28/2015,31.39
5/29/2015,31.18
6/1/2015,31.19
6/2/2015,31.48
6/3/2015,31.75
6/4/2015,31.45
6/5/2015,31.19
6/8/2015,31.13
6/9/2015,30.97
6/10/2015,31.58
6/11/2015,31.49
6/12/2015,31.32
6/15/2015,31.02
6/16/2015,31.31
6/17/2015,31.25
6/19/2015,31.25
6/22/2015,31.55
6/23/2015,31.44
6/24/2015,31.22
6/25/2015,31.26
6/26/2015,31.22
6/29/2015,30.59
6/30/2015,30.44
7/1/2015,30.54
7/2/2015,30.4
7/6/2015,29.95
7/7/2015,30.15
7/8/2015,29.52
7/9/2015,29.61
7/10/2015,30.27
7/13/2015,30.51
7/14/2015,30.72
7/15/2015,30.46
7/16/2015,30.86
7/17/2015,30.53
7/20/2015,30.51
7/21/2015,30.35
7/22/2015,30.15
7/23/2015,30.19
7/24/2015,29.84
7/27/2015,29.43
7/28/2015,29.77
7/29/2015,29.88
7/30/2015,29.89
7/31/2015,29.92
8/3/2015,29.95
8/4/2015,30
8/5/2015,30.16
8/6/2015,29.71
8/7/2015,29.54
8/10/2015,30.17
8/11/2015,29.58
8/12/2015,29.45
8/13/2015,29.74
8/14/2015,29.72
8/17/2015,29.9
8/18/2015,29.51
8/19/2015,29.2
8/20/2015,28.46
8/21/2015,27.85
8/24/2015,26.93
8/25/2015,27.27
8/26/2015,27.45
8/27/2015,27.82
8/28/2015,27.96
8/31/2015,27.87
9/1/2015,27.09
9/2/2015,27.4
9/3/2015,27.68
9/4/2015,27.19
9/8/2015,27.86
9/9/2015,27.66
9/10/2015,27.59
9/11/2015,27.71
9/14/2015,27.41
9/15/2015,27.78
9/16/2015,27.96
9/18/2015,27.4
9/21/2015,27.19
9/22/2015,26.64
9/23/2015,26.39
9/24/2015,26.39
9/25/2015,26.39
9/28/2015,25.85
9/29/2015,26.11
9/30/2015,26.39
10/1/2015,26.27
10/2/2015,26.8
10/5/2015,27.31
10/6/2015,27.8
10/7/2015,28.21
10/8/2015,28.67
10/9/2015,28.8
10/12/2015,28.55
10/13/2015,28.39
10/14/2015,28.3
10/15/2015,28.56
10/16/2015,28.23
10/19/2015,28.35
10/20/2015,28.39
10/21/2015,28.48
10/22/2015,28.68
10/23/2015,28.86
10/26/2015,29.03
10/27/2015,28.61
10/28/2015,29.07
10/29/2015,29.04
10/30/2015,29.22
11/2/2015,29.74
11/3/2015,29.95
11/4/2015,29.58
11/5/2015,29.85
11/6/2015,29.71
11/9/2015,29.44
11/10/2015,29.25
11/11/2015,29.16
11/12/2015,28.69
11/13/2015,28.34
11/16/2015,28.4
11/17/2015,28.65
11/18/2015,29.05
11/19/2015,29.18
11/20/2015,29.18
11/23/2015,29.1
11/24/2015,29.25
11/25/2015,29.46
11/27/2015,29.56
11/30/2015,29.73
12/1/2015,29.78
12/2/2015,29.67
12/3/2015,29.41
12/4/2015,29.85
12/7/2015,29.46
12/8/2015,29.07
12/9/2015,29.01
12/10/2015,29
12/11/2015,28.42
12/14/2015,28.36
12/15/2015,28.59
12/16/2015,29.26
12/17/2015,29.16
12/18/2015,28.82
12/21/2015,28.88
12/22/2015,29.26
12/23/2015,29.62
12/24/2015,29.81
12/28/2015,29.5
12/29/2015,29.9
12/30/2015,29.66
12/31/2015,29.4
1/4/2016,28.89
1/5/2016,28.85
1/6/2016,28.28
1/7/2016,27.43
1/8/2016,27.22
1/11/2016,26.84
1/12/2016,27.18
1/13/2016,26.32
1/14/2016,26.55
1/15/2016,25.77
1/19/2016,25.98
1/20/2016,25.68
1/21/2016,25.88
1/22/2016,26.31
1/25/2016,25.89
1/26/2016,26.47
1/27/2016,26.27
1/28/2016,26.28
1/29/2016,26.89
2/1/2016,26.92
2/2/2016,26.31
2/3/2016,26.73
2/4/2016,27.1
2/5/2016,26.61
2/8/2016,25.93
2/9/2016,26.2
2/10/2016,26.21
2/11/2016,26.03
2/12/2016,26.08
2/16/2016,26.88
2/17/2016,27.67
2/18/2016,27.56
2/19/2016,27.44
2/22/2016,27.79
2/23/2016,27.58
2/24/2016,27.36
2/25/2016,27.67
2/26/2016,27.8
2/29/2016,27.92
3/1/2016,28.6
3/2/2016,28.48
3/3/2016,28.73
3/4/2016,28.95
3/7/2016,29.01
3/8/2016,28.63
3/9/2016,28.78
3/10/2016,28.6
3/11/2016,29.12
3/14/2016,29.12
3/15/2016,28.98
3/16/2016,29.29
3/17/2016,29.83
3/18/2016,29.86
3/21/2016,29.74
3/22/2016,29.73
3/23/2016,29.48
3/24/2016,29.17
3/28/2016,29.43
3/29/2016,29.93
3/30/2016,30.2
3/31/2016,30.14
4/1/2016,29.86
4/4/2016,29.8
4/5/2016,29.42
4/6/2016,29.49
4/7/2016,29.13
4/8/2016,29.42
4/11/2016,29.66
4/12/2016,29.37
4/13/2016,29.93
4/14/2016,30
4/15/2016,29.59
4/18/2016,29.66
4/19/2016,30.41
4/20/2016,30.16
4/21/2016,30.41
4/22/2016,30.45
4/25/2016,30.07
4/26/2016,30.66
4/27/2016,30.98
4/28/2016,30.77
4/29/2016,30.08
5/2/2016,30.53
5/3/2016,29.89
5/4/2016,29.66
5/5/2016,29.76
5/6/2016,29.66
5/9/2016,29.5
5/10/2016,29.96
5/11/2016,30
5/12/2016,29.89
5/13/2016,29.86
5/16/2016,30
5/17/2016,29.81
5/18/2016,29.68
5/19/2016,29.62
5/20/2016,29.77
5/23/2016,29.9
5/24/2016,30.59
5/25/2016,30.75
5/26/2016,30.79
5/27/2016,30.92
5/31/2016,30.76
6/1/2016,30.95
6/2/2016,31.18
6/3/2016,31.31
6/6/2016,31.54
6/7/2016,31.74
6/8/2016,31.83
6/9/2016,31.47
6/10/2016,30.76
6/13/2016,30.17
6/14/2016,30.03
6/15/2016,30.55
6/16/2016,30.35
6/17/2016,30.23
6/20/2016,30.77
6/21/2016,30.85
6/22/2016,30.86
6/23/2016,31.32
6/24/2016,29.25
6/27/2016,28.26
6/28/2016,28.74
6/29/2016,29.28
6/30/2016,29.64
7/1/2016,29.9
7/5/2016,29.29
7/6/2016,29.19
7/7/2016,29.31
7/8/2016,29.86
7/11/2016,30.27
7/12/2016,30.59
7/13/2016,30.55
7/14/2016,30.91
7/15/2016,30.79
7/18/2016,30.95
7/19/2016,30.78
7/20/2016,31.1
7/21/2016,30.91
7/22/2016,31.04
7/25/2016,30.86
7/26/2016,31.14
7/27/2016,31.21
7/28/2016,31.33
7/29/2016,31.35
8/1/2016,31.57
8/2/2016,31.36
8/3/2016,31.37
8/4/2016,31.58
8/5/2016,31.86
8/8/2016,31.99
8/9/2016,32.18
8/10/2016,31.79
8/11/2016,32.14
8/12/2016,32.18
8/15/2016,32.45
8/16/2016,32.36
8/17/2016,32.09
8/18/2016,32.42
8/19/2016,32.5
8/22/2016,32.54
8/23/2016,32.82
8/24/2016,32.85
8/25/2016,32.77
8/26/2016,32.65
8/29/2016,32.67
8/30/2016,32.68
8/31/2016,32.36
9/1/2016,32.64
9/2/2016,33.08
9/6/2016,33.1
9/7/2016,33.26
9/8/2016,33.13
9/9/2016,32.41
9/12/2016,32.53
9/13/2016,32.13
9/14/2016,31.97
9/15/2016,32.28
9/16/2016,32.15
9/19/2016,32.36
9/20/2016,32.3
9/21/2016,32.68
9/22/2016,33.3
9/23/2016,33.07
9/26/2016,32.7
9/27/2016,32.7
9/28/2016,33.04
9/29/2016,32.73
9/30/2016,33.13
10/3/2016,33.04
10/4/2016,32.96
10/5/2016,33.24
10/6/2016,33.07
10/7/2016,32.8
10/10/2016,32.67
10/11/2016,32.14
10/12/2016,32.11
10/13/2016,32.1
10/14/2016,32.13
10/17/2016,32.13
10/18/2016,32.28
10/19/2016,32.35
10/20/2016,32.08
10/21/2016,31.95
10/24/2016,32.04
10/25/2016,31.78
10/26/2016,31.71
10/27/2016,31.24
10/28/2016,31.61
10/31/2016,31.57
11/1/2016,31.16
11/2/2016,30.88
11/3/2016,30.84
11/4/2016,30.77
11/7/2016,31.43
11/8/2016,31.49
11/9/2016,31.59
11/10/2016,31.73
11/11/2016,31.66
11/14/2016,31.92
11/15/2016,32.26
11/16/2016,31.95
11/17/2016,32.28
11/18/2016,32.09
11/21/2016,32.14
11/22/2016,32.45
11/23/2016,32.29
11/25/2016,32.76
11/28/2016,32.45
11/29/2016,32.46
11/30/2016,32.46
12/1/2016,32.38
12/2/2016,32.5
12/5/2016,32.77
12/6/2016,33.13
12/7/2016,33.5
12/8/2016,33.44
12/9/2016,33.47
12/12/2016,33.39
12/13/2016,33.33
12/14/2016,32.88
12/15/2016,32.86
12/16/2016,32.71
12/19/2016,32.72
12/20/2016,32.84
12/21/2016,32.82
12/22/2016,32.75
12/23/2016,32.75
12/27/2016,32.93
12/28/2016,32.66
12/29/2016,32.61
12/30/2016,32.69
1/3/2017,32.92
1/4/2017,33.37
1/5/2017,33.33
1/6/2017,33.37
1/9/2017,33.29
1/10/2017,33.48
1/11/2017,33.71
1/12/2017,33.51
1/13/2017,33.74
1/17/2017,33.54
1/18/2017,33.37
1/19/2017,33.25
1/20/2017,33.39
1/23/2017,33.46
1/24/2017,33.85
1/25/2017,34.21
1/26/2017,34
1/27/2017,34.12
1/30/2017,33.69
1/31/2017,33.89
2/1/2017,33.96
2/2/2017,34.03
2/3/2017,34.33
2/6/2017,34
2/7/2017,34.05
2/8/2017,33.85
2/9/2017,34.1
2/10/2017,34.26
2/13/2017,34.35
2/14/2017,34.19
2/15/2017,34.42
2/16/2017,34.45
2/17/2017,34.54
2/21/2017,34.75
2/22/2017,34.61
2/23/2017,34.8
2/24/2017,34.69
2/27/2017,34.94
2/28/2017,34.64
3/1/2017,35.25
3/2/2017,34.89
3/3/2017,34.86
3/6/2017,34.68
3/7/2017,34.58
3/8/2017,34.51
3/9/2017,34.5
3/10/2017,34.78
3/13/2017,34.79
3/14/2017,34.69
3/15/2017,35.15
3/16/2017,35.13
3/17/2017,35.37
3/20/2017,35.23
3/21/2017,34.78
3/22/2017,34.75
3/23/2017,34.9
3/24/2017,35.04
3/27/2017,35.23
3/28/2017,35.24
3/29/2017,35.34
3/30/2017,35.55
3/31/2017,35.55
4/3/2017,35.15
4/4/2017,35.18
4/5/2017,35.01
4/6/2017,35.25
4/7/2017,35.24
4/10/2017,35.28
4/11/2017,35.4
4/12/2017,35.3
4/13/2017,35
4/17/2017,35.38
4/18/2017,35.34
4/19/2017,35.56
4/20/2017,35.77
4/21/2017,35.81
4/24/2017,36.75
4/25/2017,36.87
4/26/2017,36.98
4/27/2017,37.05
4/28/2017,37.2
5/1/2017,37.33
5/2/2017,37.27
5/3/2017,37.16
5/4/2017,37.38
5/5/2017,37.81
5/8/2017,37.71
5/9/2017,37.6
5/10/2017,37.78
5/11/2017,37.65
5/12/2017,37.56
5/15/2017,37.88
5/16/2017,38.11
5/17/2017,37.28
5/18/2017,37.4
5/19/2017,38.08
5/22/2017,38.39
5/23/2017,38.56
5/24/2017,38.5
5/25/2017,38.62
5/26/2017,38.4
5/30/2017,38.4
5/31/2017,38.53
6/1/2017,38.97
6/2/2017,39.45
6/5/2017,39.07
6/6/2017,39.15
6/7/2017,39.22
6/8/2017,39.36
6/9/2017,39.25
6/12/2017,38.98
6/13/2017,39.24
6/14/2017,39.1
6/15/2017,38.64
6/16/2017,38.55
6/19/2017,38.76
6/20/2017,38.24
6/21/2017,38.13
6/22/2017,38.36
6/23/2017,38.62
6/26/2017,38.6
6/27/2017,38.36
6/28/2017,38.67
6/29/2017,38.31
6/30/2017,38.54
7/3/2017,38.62
7/5/2017,38.6
7/6/2017,38.27
7/7/2017,38.59
7/10/2017,38.69
7/11/2017,38.87
7/12/2017,39.3
7/13/2017,39.48
7/14/2017,39.73
7/17/2017,39.66
7/18/2017,39.67
7/19/2017,40.05
7/20/2017,40
7/21/2017,39.79
7/24/2017,39.7
7/25/2017,39.8
7/26/2017,39.78
7/27/2017,39.32
7/28/2017,39.37
7/31/2017,39.39
8/1/2017,39.61
8/2/2017,39.37
8/3/2017,39.28
8/4/2017,39.41
8/7/2017,39.42
8/8/2017,39.25
8/9/2017,39.08
8/10/2017,38.34
8/11/2017,38.6
8/14/2017,38.99
8/15/2017,38.96
8/16/2017,38.99
8/17/2017,38.35
8/18/2017,38.6
8/21/2017,38.58
8/22/2017,39.04
8/23/2017,38.92
8/24/2017,38.9
8/25/2017,39.12
8/28/2017,39.11
8/29/2017,38.98
8/30/2017,39.16
8/31/2017,39.75
9/1/2017,39.78
9/5/2017,39.64
9/6/2017,39.76
9/7/2017,39.87
9/8/2017,39.94
9/11/2017,40.35
9/12/2017,40.39
9/13/2017,40.28
9/14/2017,40.34
9/15/2017,40.21
9/18/2017,40.5
9/19/2017,40.75
9/20/2017,40.81
9/21/2017,40.69
9/22/2017,40.87
9/25/2017,40.58
9/26/2017,40.34
9/27/2017,40.71
9/28/2017,41.14
9/29/2017,41.31
10/2/2017,41.25
10/3/2017,41.57
10/4/2017,41.81
10/5/2017,41.74
10/6/2017,41.7
10/9/2017,41.71
10/10/2017,41.86
10/11/2017,42.08
10/12/2017,42.23
10/13/2017,42.31
10/16/2017,42.28
10/17/2017,42.05
10/18/2017,42.14
10/19/2017,42.08
10/20/2017,42.11
10/23/2017,42.07
10/24/2017,42.24
10/25/2017,42.14
10/26/2017,42.49
10/27/2017,42.86
10/30/2017,42.75
10/31/2017,43.07
11/1/2017,42.88
11/2/2017,43.07
11/3/2017,42.79
11/6/2017,43.05
11/7/2017,42.66
11/8/2017,42.56
11/9/2017,42.05
11/10/2017,41.73
11/13/2017,41.49
11/14/2017,41.54
11/15/2017,41.28
11/16/2017,41.92
11/17/2017,41.73
11/20/2017,41.87
11/21/2017,41.9
11/22/2017,42.12
11/24/2017,42.3
11/27/2017,42.2
11/28/2017,42.68
11/29/2017,41.8
11/30/2017,42.12
12/1/2017,41.65
12/4/2017,41.3
12/5/2017,40.95
12/6/2017,41.03
12/7/2017,41.47
12/8/2017,41.27
12/11/2017,41.45
12/12/2017,41.74
12/13/2017,41.63
12/14/2017,41.61
12/15/2017,42.11
12/18/2017,42.64
12/19/2017,42.44
12/20/2017,42.33
12/21/2017,42.21
12/22/2017,42.23
12/26/2017,42.22
12/27/2017,42.27
12/28/2017,42.5
12/29/2017,42.27
1/2/2018,42.8
1/3/2018,43.2
1/4/2018,43.56
1/5/2018,43.7
1/8/2018,44.07
1/9/2018,43.64
1/10/2018,43.23
1/11/2018,43.82
1/12/2018,44.37
1/16/2018,44.51
1/17/2018,44.81
1/18/2018,44.71
1/19/2018,45.06
1/22/2018,45.07
1/23/2018,45
1/24/2018,45.02
1/25/2018,44.71
1/26/2018,45.28
1/29/2018,44.94
1/30/2018,44.74
1/31/2018,44.66
2/1/2018,44.84
2/2/2018,43.67
2/5/2018,42.79
2/6/2018,42.5
2/7/2018,42.59
2/8/2018,41.5
2/9/2018,41.52
2/12/2018,42.09
2/13/2018,42.37
2/14/2018,42.93
2/15/2018,43.73
2/16/2018,43.9
2/20/2018,43.62
2/21/2018,43.83
2/22/2018,43.53
2/23/2018,43.65
2/26/2018,43.97
2/27/2018,43.59
2/28/2018,42.95
3/1/2018,42.45
3/2/2018,42.38
3/5/2018,42.95
3/6/2018,43.37
3/7/2018,43.63
3/8/2018,43.94
3/9/2018,44.44
3/12/2018,44.54
3/13/2018,44.21
3/14/2018,44.2
3/15/2018,44.14
3/16/2018,44.18
3/19/2018,43.91
3/20/2018,44.16
3/21/2018,44.47
3/22/2018,42.92
3/23/2018,42.48
3/26/2018,43.42
3/27/2018,42.52
3/28/2018,42.31
3/29/2018,42.95
4/2/2018,41.75
4/3/2018,42.12
4/4/2018,42.21
4/5/2018,42.74
4/6/2018,42.08
4/9/2018,42.62
4/10/2018,42.82
4/11/2018,42.87
4/12/2018,43.14
4/13/2018,42.9
4/16/2018,43.05
4/17/2018,43.73
4/18/2018,43.8
4/19/2018,43.68
4/20/2018,43.4
4/23/2018,43.27
4/24/2018,42.78
4/25/2018,42.51
4/26/2018,42.7
4/27/2018,42.69
4/30/2018,42.41
5/1/2018,42.24
5/2/2018,42.71
5/3/2018,42.42
5/4/2018,43
5/7/2018,43.34
5/8/2018,43.38
5/9/2018,43.59
5/10/2018,44.28
5/11/2018,44.3
5/14/2018,44.17
5/15/2018,44
5/16/2018,44.32
5/17/2018,44.58
5/18/2018,44.44
5/21/2018,44.78
5/22/2018,44.67
5/23/2018,44.31
5/24/2018,44.22
5/25/2018,43.98
5/29/2018,43.31
5/30/2018,43.86
5/31/2018,43.68
6/1/2018,44.02
6/4/2018,44.14
6/5/2018,44.35
6/6/2018,44.67
6/7/2018,44.18
6/8/2018,44.16
6/11/2018,44.38
6/12/2018,44.07
6/13/2018,44.19
6/14/2018,44.26
6/15/2018,44.02
6/18/2018,43.48
6/19/2018,43.18
6/20/2018,43.43
6/21/2018,42.73
6/22/2018,42.77
6/25/2018,42.01
6/26/2018,42.03
6/27/2018,41.92
6/28/2018,41.86
6/29/2018,42.12
7/2/2018,41.75
7/3/2018,41.89
7/5/2018,42.19
7/6/2018,42.73
7/9/2018,42.98
7/10/2018,43.11
7/11/2018,42.59
7/12/2018,42.78
7/13/2018,43.08
7/16/2018,42.62
7/17/2018,42.86
7/18/2018,42.91
7/19/2018,43.32
7/20/2018,43.15
7/23/2018,42.91
7/24/2018,43
7/25/2018,43.44
7/26/2018,43.69
7/27/2018,43.37
7/30/2018,43.25
7/31/2018,43.54
8/1/2018,43.12
8/2/2018,43.36
8/3/2018,43.27
8/6/2018,43.07
8/7/2018,43.3
8/8/2018,43.22
8/9/2018,43.23
8/10/2018,42.69
8/13/2018,42.51
8/14/2018,42.53
8/15/2018,41.85
8/16/2018,42.18
8/17/2018,42.48
8/20/2018,42.88
8/21/2018,43.42
8/22/2018,43.42
8/23/2018,43.31
8/24/2018,43.99
8/27/2018,44.43
8/28/2018,44.49
8/29/2018,44.56
8/30/2018,44.45
8/31/2018,44.36
9/4/2018,43.84
9/5/2018,43.77
9/6/2018,43.82
9/7/2018,43.26
9/10/2018,43.82
9/11/2018,43.65
9/12/2018,43.69
9/13/2018,43.8
9/14/2018,44.22
9/17/2018,43.68
9/18/2018,43.65
9/19/2018,43.66
9/20/2018,44.12
9/21/2018,44.27
9/24/2018,43.76
9/25/2018,43.66
9/26/2018,43.35
9/27/2018,43.15
9/28/2018,43.54
10/1/2018,42.97
10/2/2018,42.72
10/3/2018,42.91
10/4/2018,42.11
10/5/2018,41.71
10/8/2018,41.18
10/9/2018,40.89
10/10/2018,39.02
10/11/2018,38.91
10/12/2018,38.85
10/15/2018,39.17
10/16/2018,40.25
10/17/2018,39.98
10/18/2018,39.24
10/19/2018,38.99
10/22/2018,39.07
10/23/2018,38.5
10/24/2018,37.27
10/25/2018,37.72
10/26/2018,37.64
10/29/2018,37.7
10/30/2018,38.12
10/31/2018,38.96
11/1/2018,39.78
11/2/2018,39.91
11/5/2018,39.83
11/6/2018,40.25
11/7/2018,41.14
11/8/2018,41.24
11/9/2018,40.5
11/12/2018,39.95
11/13/2018,39.78
11/14/2018,39.69
11/15/2018,40.32
11/16/2018,40.22
11/19/2018,39.74
11/20/2018,38.72
11/21/2018,39.54
11/23/2018,39.35
11/26/2018,39.86
11/27/2018,39.67
11/28/2018,40.67
11/29/2018,40.73
11/30/2018,40.68
12/3/2018,41.32
12/4/2018,39.65
12/6/2018,39.05
12/7/2018,38.4
12/10/2018,38.1
12/11/2018,38.14
12/12/2018,38.85
12/13/2018,38.58
12/14/2018,37.82
12/17/2018,37.15
12/18/2018,37.4
12/19/2018,36.81
12/20/2018,36.17
12/21/2018,35.74
12/24/2018,35.15
12/26/2018,36.23
12/27/2018,36.36
12/28/2018,36.67
12/31/2018,36.8
1/2/2019,36.89
1/3/2019,35.93
1/4/2019,37.22
1/7/2019,37.64
1/8/2019,38.17
1/9/2019,38.72
1/10/2019,38.94
1/11/2019,38.83
1/14/2019,38.41
1/15/2019,38.5
1/16/2019,38.76
1/17/2019,38.93
1/18/2019,39.78
1/22/2019,39.03
1/23/2019,38.97
1/24/2019,39.42
1/25/2019,40.14
1/28/2019,39.66
1/29/2019,40.07
1/30/2019,40.48
1/31/2019,40.67
2/1/2019,40.81
2/4/2019,40.92
2/5/2019,41.3
2/6/2019,41.43
2/7/2019,40.69
2/8/2019,40.4
2/11/2019,40.48
2/12/2019,41.18
2/13/2019,41.56
2/14/2019,41.62
2/15/2019,42.14
2/19/2019,42.32
2/20/2019,42.77
2/21/2019,42.51
2/22/2019,42.72
2/25/2019,42.78
2/26/2019,42.83
2/27/2019,42.81
2/28/2019,42.53
3/1/2019,42.71
3/4/2019,42.67
3/5/2019,42.47
3/6/2019,42.08
3/7/2019,41.55
3/8/2019,41.35
3/11/2019,41.76
3/12/2019,41.95
3/13/2019,42.2
3/14/2019,42.02
3/15/2019,42.26
3/18/2019,42.57
3/19/2019,42.7
3/20/2019,42.57
3/21/2019,42.81
3/22/2019,41.51
3/25/2019,41.38
3/26/2019,41.68
3/27/2019,41.7
3/28/2019,41.81
3/29/2019,42.15
4/1/2019,42.91
4/2/2019,43.03
4/3/2019,43.41
4/4/2019,43.47
4/5/2019,43.85
4/8/2019,43.94
4/9/2019,43.43
4/10/2019,43.74
4/11/2019,43.76
4/12/2019,44.21
4/15/2019,44.41
4/16/2019,44.67
4/17/2019,44.86
4/18/2019,45.05
4/22/2019,45.02
4/23/2019,45.14
4/24/2019,45.03
4/25/2019,44.59
4/26/2019,44.77
4/29/2019,45.12
4/30/2019,45.17
5/1/2019,44.88
5/2/2019,44.53
5/3/2019,45.33
5/6/2019,44.88
5/7/2019,44.38
5/8/2019,44.26
5/9/2019,43.73
5/10/2019,44.11
5/13/2019,42.5
5/14/2019,42.93
5/15/2019,43.33
5/16/2019,43.68
5/17/2019,43.07
5/20/2019,42.53
5/21/2019,43.25
5/22/2019,43.26
5/23/2019,42.43
5/24/2019,42.71
5/28/2019,42.54
5/29/2019,42.16
5/30/2019,42.45
5/31/2019,41.99
6/3/2019,42.33
6/4/2019,43.05
6/5/2019,43.32
6/6/2019,43.36
6/7/2019,43.76
6/10/2019,44.08
6/11/2019,44.12
6/12/2019,44.07
6/13/2019,44.22
6/14/2019,43.75
6/17/2019,43.75
6/18/2019,44.45
6/19/2019,44.92
6/20/2019,45.32
6/21/2019,45.28
6/24/2019,45.03
6/25/2019,44.65
6/26/2019,44.91
6/27/2019,45.38
6/28/2019,45.59
7/1/2019,46.01
7/2/2019,45.85
7/3/2019,45.88
7/5/2019,45.6
7/8/2019,45
7/9/2019,44.92
7/10/2019,44.87
7/11/2019,44.62
7/12/2019,45.19
7/15/2019,45.15
7/16/2019,45.1
7/17/2019,44.87
7/18/2019,44.56
7/19/2019,44.85
7/22/2019,44.89
7/23/2019,45.33
7/24/2019,45.61
7/25/2019,45.34
7/26/2019,45.39
7/29/2019,45.26
7/30/2019,44.68
7/31/2019,44.47
8/1/2019,43.92
8/2/2019,43.45
8/5/2019,42.14
8/6/2019,42.93
8/7/2019,43.12
8/8/2019,43.8
8/9/2019,43.26
8/12/2019,42.96
8/13/2019,43.39
8/14/2019,41.93
8/15/2019,41.75
8/16/2019,42.41
8/19/2019,42.84
8/20/2019,42.55
8/21/2019,42.77
8/22/2019,42.5
8/23/2019,41.37
8/26/2019,41.55
8/27/2019,41.61
8/28/2019,41.64
8/29/2019,42.33
8/30/2019,42.48
9/3/2019,42
9/4/2019,42.6
9/5/2019,43.39
9/6/2019,43.52
9/9/2019,43.69
9/10/2019,43.92
9/11/2019,44.9
9/12/2019,44.99
9/13/2019,45.22
9/16/2019,45.14
9/17/2019,45.31
9/18/2019,45.26
9/19/2019,45.42
9/20/2019,45.17
9/23/2019,45.05
9/24/2019,44.79
9/25/2019,44.89
9/26/2019,44.69
9/27/2019,44.41
9/30/2019,44.61
10/1/2019,43.73
10/2/2019,42.89
10/3/2019,43.25
10/4/2019,43.85
10/7/2019,43.73
10/8/2019,42.83
10/9/2019,43.16
10/10/2019,43.49
10/11/2019,44.48
10/14/2019,44.2
10/15/2019,44.85
10/16/2019,44.42
10/17/2019,44.57
10/18/2019,44.6
10/21/2019,45.14
10/22/2019,44.72
10/23/2019,45.2
10/24/2019,45.33
10/25/2019,45.74
10/28/2019,46.2
10/29/2019,46.35
10/30/2019,46.23
10/31/2019,45.8
11/1/2019,46.56
11/4/2019,46.9
11/5/2019,46.88
11/6/2019,46.76
11/7/2019,47.02
11/8/2019,46.78
11/11/2019,46.72
11/12/2019,46.67
11/13/2019,46.43
11/14/2019,46.65
11/15/2019,47.2
11/18/2019,47.03
11/19/2019,47.27
11/20/2019,46.87
11/21/2019,46.67
11/22/2019,46.72
11/25/2019,47.42
11/26/2019,47.65
11/27/2019,47.9
11/29/2019,47.68
12/2/2019,47.59
12/3/2019,47.61
12/4/2019,47.84
12/5/2019,48.02
12/6/2019,48.3
12/9/2019,48.35
12/10/2019,48.1
12/11/2019,48.6
12/12/2019,49.03
12/13/2019,49.25
12/16/2019,49.45
12/17/2019,49.59
12/18/2019,49.73
12/19/2019,49.75
12/20/2019,49.9
12/23/2019,49.89
12/24/2019,49.91
12/26/2019,49.9
12/27/2019,50.13
12/30/2019,49.96
